Manufacturer,Part Number,Description,Qty,Units,Fitted,Comments,Options
KOMATSU,711-59-11861,COUPLING,1,,1,,"SN:60001--,KIT-FLAG:_"
KOMATSU,426-15-43282,COUPLING,1,,1,,"SN:60001--,KIT-FLAG:_"
KOMATSU,426-15-43261,COUPLING,1,,1,,"SN:60001--,KIT-FLAG:_"
KOMATSU,426-15-42820,PLATE,1,,1,,"SN:60001--,KIT-FLAG:_"
KOMATSU,426-15-42820,PLATE,1,,1,,"SN:60001--,KIT-FLAG:_"
KOMATSU,426-15-42820,PLATE,1,,1,,"SN:60001--,KIT-FLAG:_"
KOMATSU,426-15-42820,PLATE,1,,1,,"SN:60001--,KIT-FLAG:_"
KOMATSU,426-15-42820,PLATE,1,,1,,"SN:60001--,KIT-FLAG:_"
KOMATSU,426-15-22740,PLATE,3,,3,,"SN:60001--,KIT-FLAG:_"
KOMATSU,426-15-22740,PLATE,5,,5,,"SN:60001--,KIT-FLAG:_"
KOMATSU,426-15-22740,PLATE,5,,5,,"SN:60001--,KIT-FLAG:_"
KOMATSU,426-15-22740,PLATE,3,,3,,"SN:60001--,KIT-FLAG:_"
KOMATSU,426-15-22740,PLATE,3,,3,,"SN:60001--,KIT-FLAG:_"
KOMATSU,426-13-43233,GEAR,1,,1,,"SN:60001--,KIT-FLAG:_"
KOMATSU,426-13-41534,BOSS,1,,1,,"SN:(100005)--,KIT-FLAG:_"
